{
  "version": 1,
  "disable_existing_loggers": false,
  "formatters": {
    "standard": {
      "format": "%(asctime)s - %(name)s - %(levelname)s - %(message)s"
    },
    "detailed": {
      "format": "%(asctime)s [%(levelname)s] [%(name)s:%(lineno)d] - %(message)s"
    }
  },
  "handlers": {
    "console": {
      "class": "logging.StreamHandler",
      "formatter": "detailed",
      "level": "INFO",
      "stream": "ext://sys.stdout"
    },
    "file_cleaning": {
      "class": "logging.handlers.RotatingFileHandler",
      "formatter": "detailed",
      "level": "DEBUG",
      "filename": "logs/cleaning.log",
      "encoding": "utf8",
      "maxBytes": 1048576,
      "backupCount": 3
    },
    "file_encoding": {
      "class": "logging.handlers.RotatingFileHandler",
      "formatter": "detailed",
      "level": "DEBUG",
      "filename": "logs/encoding.log",
      "encoding": "utf8",
      "maxBytes": 1048576,
      "backupCount": 3
    },
    "file_errors": {
      "class": "logging.handlers.RotatingFileHandler",
      "formatter": "detailed",
      "level": "WARNING",
      "filename": "logs/errors.log",
      "encoding": "utf8",
      "maxBytes": 10485760,
      "backupCount": 5
    },
    "file_explainability": {
      "class": "logging.handlers.RotatingFileHandler",
      "formatter": "detailed",
      "level": "DEBUG",
      "filename": "logs/explainability.log",
      "encoding": "utf8",
      "maxBytes": 1048576,
      "backupCount": 3
    },
    "file_feature_engineering": {
      "class": "logging.handlers.RotatingFileHandler",
      "formatter": "detailed",
      "level": "DEBUG",
      "filename": "logs/feature_engineering.log",
      "encoding": "utf8",
      "maxBytes": 1048576,
      "backupCount": 3
    },
    "file_pipeline": {
      "class": "logging.handlers.RotatingFileHandler",
      "formatter": "detailed",
      "level": "DEBUG",
      "filename": "logs/pipeline_module.log",
      "encoding": "utf8",
      "maxBytes": 1048576,
      "backupCount": 3
    },
    "file_recommender": {
      "class": "logging.handlers.RotatingFileHandler",
      "formatter": "detailed",
      "level": "DEBUG",
      "filename": "logs/recommender.log",
      "encoding": "utf8",
      "maxBytes": 1048576,
      "backupCount": 3
    },
    "file_validation": {
      "class": "logging.handlers.RotatingFileHandler",
      "formatter": "detailed",
      "level": "DEBUG",
      "filename": "logs/validation.log",
      "encoding": "utf8",
      "maxBytes": 1048576,
      "backupCount": 3
    },
    "file_cbf_pipeline": {
      "class": "logging.handlers.RotatingFileHandler",
      "formatter": "detailed",
      "level": "DEBUG",
      "filename": "logs/cbf_pipeline.log",
      "encoding": "utf8",
      "maxBytes": 1048576,
      "backupCount": 3
    },
    "file_cf_pipeline": {
      "class": "logging.handlers.RotatingFileHandler",
      "formatter": "detailed",
      "level": "DEBUG",
      "filename": "logs/cf_pipeline.log",
      "encoding": "utf8",
      "maxBytes": 1048576,
      "backupCount": 3
    },
    "file_hybrid_pipeline": {
      "class": "logging.handlers.RotatingFileHandler",
      "formatter": "detailed",
      "level": "DEBUG",
      "filename": "logs/hybrid_pipeline.log",
      "encoding": "utf8",
      "maxBytes": 1048576,
      "backupCount": 3
    },
    "file_config": {
      "class": "logging.handlers.RotatingFileHandler",
      "formatter": "detailed",
      "level": "DEBUG",
      "filename": "logs/config.log",
      "encoding": "utf8",
      "maxBytes": 1048576,
      "backupCount": 3
    },
    "file_core_pipeline": {
      "class": "logging.handlers.RotatingFileHandler",
      "formatter": "detailed",
      "level": "DEBUG",
      "filename": "logs/core_pipeline.log",
      "encoding": "utf8",
      "maxBytes": 1048576,
      "backupCount": 3
    },
    "file_data_quality": {
      "class": "logging.handlers.RotatingFileHandler",
      "formatter": "detailed",
      "level": "DEBUG",
      "filename": "logs/data_quality.log",
      "encoding": "utf8",
      "maxBytes": 1048576,
      "backupCount": 3
    },
    "cf_file": {
      "class": "logging.FileHandler",
      "filename": "logs/cf_pipeline.log",
      "level": "INFO",
      "formatter": "detailed"
    }
  },
  "root": {
    "level": "INFO",
    "handlers": [
      "console",
      "file_validation",
      "file_errors",
      "file_cleaning",
      "file_encoding",
      "file_pipeline",
      "file_recommender",
      "file_feature_engineering",
      "file_explainability",
      "file_cbf_pipeline",
      "file_cf_pipeline",
      "file_hybrid_pipeline",
      "file_config",
      "file_core_pipeline"
    ]
  },
  "loggers": {
    "data_cleaning": {
      "level": "DEBUG",
      "handlers": ["file_cleaning"],
      "propagate": false
    },
    "encoding": {
      "level": "DEBUG",
      "handlers": ["file_encoding"],
      "propagate": false
    },
    "pipeline": {
      "level": "DEBUG",
      "handlers": ["file_pipeline"],
      "propagate": false
    },
    "recommender": {
      "level": "DEBUG",
      "handlers": ["file_recommender"],
      "propagate": false
    },
    "cbf": {
      "level": "DEBUG",
      "handlers": ["file_recommender"],
      "propagate": false
    },
    "cf": {
      "level": "DEBUG",
      "handlers": ["file_recommender"],
      "propagate": false
    },
    "hybrid": {
      "level": "DEBUG",
      "handlers": ["file_recommender"],
      "propagate": false
    },
    "risk_score": {
      "level": "DEBUG",
      "handlers": ["file_recommender"],
      "propagate": false
    },
    "metrics": {
      "level": "DEBUG",
      "handlers": ["file_recommender"],
      "propagate": false
    },
    "feature_engineering": {
      "level": "DEBUG",
      "handlers": ["file_feature_engineering"],
      "propagate": false
    },
    "explainability": {
      "level": "DEBUG",
      "handlers": ["file_explainability"],
      "propagate": false
    },
    "validation": {
      "level": "DEBUG",
      "handlers": ["file_validation"],
      "propagate": false
    },
    "cbf_pipeline": {
      "level": "DEBUG",
      "handlers": ["file_cbf_pipeline"],
      "propagate": false
    },
    "cf_pipeline": {
      "level": "INFO",
      "handlers": ["cf_file"],
      "propagate": false
    },
    "hybrid_pipeline": {
      "level": "DEBUG",
      "handlers": ["file_hybrid_pipeline"],
      "propagate": false
    },
    "config_loader": {
      "level": "DEBUG",
      "handlers": ["file_config"],
      "propagate": false
    },
    "core_pipeline": {
      "level": "DEBUG",
      "handlers": ["file_core_pipeline"],
      "propagate": false
    },
    "context_mapping": {
      "level": "DEBUG",
      "handlers": ["file_recommender"],
      "propagate": false
    },
    "data_quality": {
      "level": "DEBUG",
      "handlers": ["file_data_quality"],
      "propagate": false
    }
  }
}