{
  "context.__init__.py": "✅ Loaded successfully",
  "clinical_features.py": "✅ Passed",
  "context_validation.py": "✅ Passed",
  "fallback.py": "✅ Passed",
  "core.py": "✅ Passed",
  "router.py": "✅ Passed",
  "feature_engineering.py": "✅ Passed",
  "schema_validator.py": "✅ Passed",
  "contextual_columns": "{\"age\": {\"exists\": true, \"missing_values\": 0, \"percent_missing\": 0.0, \"sample_values\": [57.0, 64.0, 52.0, 56.0, 66.0], \"unique_count\": 88, \"dominant_ratio\": 0.022142911965615165}, \"bp_category\": {\"exists\": true, \"missing_values\": 0, \"percent_missing\": 0.0, \"sample_values\": [\"Hypertension Stage 2\", \"Hypertension Stage 1\", \"Elevated\", \"Normal\", \"Hypertensive Crisis\"], \"unique_count\": 5, \"dominant_ratio\": 0.30593291887328267}, \"chol_category\": {\"exists\": true, \"missing_values\": 0, \"percent_missing\": 0.0, \"sample_values\": [\"Borderline High\", \"High\", \"Desirable\"], \"unique_count\": 3, \"dominant_ratio\": 0.51208841814414}, \"risk_level\": {\"exists\": true, \"missing_values\": 0, \"percent_missing\": 0.0, \"sample_values\": [\"medium\", \"high\", \"low\"], \"unique_count\": 3, \"dominant_ratio\": 0.6885025711873513}, \"age_group\": {\"exists\": true, \"missing_values\": 0, \"percent_missing\": 0.0, \"sample_values\": [\"46–60\", \"61–75\", \"31–45\", \"75+\", \"18–30\"], \"unique_count\": 6, \"dominant_ratio\": 0.32262644869138074}, \"bp_bin4\": {\"exists\": true, \"missing_values\": 0, \"percent_missing\": 0.0, \"sample_values\": [\"Q4\", \"Q2\", \"Q1\", \"Q3\"], \"unique_count\": 4, \"dominant_ratio\": 0.3232020876506255}, \"chol_bins\": {\"exists\": true, \"missing_values\": 0, \"percent_missing\": 0.0, \"sample_values\": [\"(230.0, 254.0]\", \"(125.999, 204.0]\", \"(286.0, 564.0]\", \"(254.0, 286.0]\", \"(204.0, 230.0]\"], \"unique_count\": 5, \"dominant_ratio\": 0.20876506255276692}, \"age_q3\": {\"exists\": true, \"missing_values\": 0, \"percent_missing\": 0.0, \"sample_values\": [\"Middle\", \"Old\", \"Young\"], \"unique_count\": 3, \"dominant_ratio\": 0.3413539028321437}, \"feature_id_binned\": {\"exists\": true, \"missing_values\": 0, \"percent_missing\": 0.0, \"sample_values\": [\"Q4__(230.0, 254.0]__Middle\", \"Q2__(230.0, 254.0]__Old\", \"Q2__(125.999, 204.0]__Middle\", \"Q1__(230.0, 254.0]__Middle\", \"Q1__(286.0, 564.0]__Old\"], \"unique_count\": 60, \"dominant_ratio\": 0.03162176682784557}}"
}